﻿<?xml version="1.0" encoding="utf-8" ?>
<c2eventsheet>
    <!--All the 'name' attributes are ignored by Construct 2 - they are there for readability only.-->
    <name>eGame</name>
    <events>
        <variable constant="0" name="Music" sid="466641964854745" static="0" type="text">on</variable>
        <variable constant="0" name="Sound" sid="603297755805461" static="0" type="text">on</variable>
        <variable constant="0" name="state" sid="329758347331074" static="0" type="text"></variable>
        <variable constant="0" name="PlayerHeart" sid="321832362691583" static="0" type="number">3</variable>
        <variable constant="0" name="Gem" sid="620225505549480" static="0" type="number">0</variable>
        <event-block sid="322903040841238">
            <conditions>
                <condition id="-2" name="On start of layout" sid="793962305420542" type="System" />
            </conditions>
            <actions>
                <action id="-4" name="Set layer visible" sid="491440110443389" type="System">
                    <param id="0" name="Layer">&quot;Popup&quot;</param>
                    <param id="1" name="Visibility">0</param>
                </action>
                <action id="-9" name="Set value" sid="681991112752108" type="System">
                    <param id="0" name="Variable">state</param>
                    <param id="1" name="Value">&quot;&quot;</param>
                </action>
                <action id="-12" name="Set group active" sid="825857682459834" type="System">
                    <param id="0" name="Group name">&quot;Player&quot;</param>
                    <param id="1" name="State">1</param>
                </action>
                <action id="33" name="Stop all" sid="105114933708416" type="Audio" />
            </actions>
            <sub-events>
                <event-block sid="673019813872194">
                    <conditions>
                        <condition id="-14" name="Compare variable" sid="360828162851306" type="System">
                            <param id="0" name="Variable">Music</param>
                            <param id="1" name="Comparison">0</param>
                            <param id="2" name="Value">&quot;on&quot;</param>
                        </condition>
                    </conditions>
                    <actions>
                        <action id="0" name="Play" sid="975586777296413" type="Audio">
                            <param id="0" name="Audio file">MattOglseby - 1</param>
                            <param id="2" name="Loop">1</param>
                            <param id="3" name="Volume">-10</param>
                            <param id="1" name="Tag (optional)">&quot;music&quot;</param>
                        </action>
                        <action id="5" name="Set frame" sid="631083611146446" type="btnMusic">
                            <param id="0" name="Frame number">0</param>
                        </action>
                    </actions>
                </event-block>
                <event-block sid="624203260479396">
                    <conditions>
                        <condition id="-14" name="Compare variable" sid="707660631409725" type="System">
                            <param id="0" name="Variable">Music</param>
                            <param id="1" name="Comparison">0</param>
                            <param id="2" name="Value">&quot;off&quot;</param>
                        </condition>
                    </conditions>
                    <actions>
                        <action id="5" name="Set frame" sid="250239203935999" type="btnMusic">
                            <param id="0" name="Frame number">1</param>
                        </action>
                    </actions>
                </event-block>
                <event-block sid="294368077249240">
                    <conditions>
                        <condition id="-14" name="Compare variable" sid="424774880215805" type="System">
                            <param id="0" name="Variable">Sound</param>
                            <param id="1" name="Comparison">0</param>
                            <param id="2" name="Value">&quot;off&quot;</param>
                        </condition>
                    </conditions>
                    <actions>
                        <action id="5" name="Set frame" sid="602832177583853" type="btnSound">
                            <param id="0" name="Frame number">1</param>
                        </action>
                    </actions>
                </event-block>
                <event-block sid="928842243062658">
                    <conditions>
                        <condition id="-14" name="Compare variable" sid="752233296657493" type="System">
                            <param id="0" name="Variable">Sound</param>
                            <param id="1" name="Comparison">0</param>
                            <param id="2" name="Value">&quot;on&quot;</param>
                        </condition>
                    </conditions>
                    <actions>
                        <action id="5" name="Set frame" sid="874696354800701" type="btnSound">
                            <param id="0" name="Frame number">0</param>
                        </action>
                    </actions>
                </event-block>
            </sub-events>
        </event-block>
        <event-block sid="163516661556166">
            <conditions>
                <condition id="0" name="On collision with another object" sid="714717421246903" type="playerGreen_stand">
                    <param id="0" name="Object">enemy1</param>
                </condition>
            </conditions>
            <actions>
                <action behavior="Flash" id="0" name="Flash" sid="927327887586226" type="playerGreen_stand">
                    <param id="0" name="&apos;On&apos; time">0.2</param>
                    <param id="1" name="&apos;Off&apos; time">0.2</param>
                    <param id="2" name="Duration">1.0</param>
                </action>
                <action id="-11" name="Subtract from" sid="137049717756967" type="System">
                    <param id="0" name="Variable">PlayerHeart</param>
                    <param id="1" name="Value">1</param>
                </action>
                <action id="0" name="Call function" sid="908333133645097" type="Function">
                    <param id="0" name="Name">&quot;playEnemy&quot;</param>
                    <param id="1" name="Parameter {n}"></param>
                </action>
            </actions>
        </event-block>
        <event-block sid="654180812389213">
            <conditions>
                <condition id="0" name="On collision with another object" sid="931877451665216" type="playerGreen_stand">
                    <param id="0" name="Object">enemyWalking_</param>
                </condition>
                <condition behavior="Platform" id="4" inverted="1" name="Is falling" sid="373285137154650" type="playerGreen_stand" />
            </conditions>
            <actions>
                <action behavior="Flash" id="0" name="Flash" sid="167835363297546" type="playerGreen_stand">
                    <param id="0" name="&apos;On&apos; time">0.2</param>
                    <param id="1" name="&apos;Off&apos; time">0.2</param>
                    <param id="2" name="Duration">1.0</param>
                </action>
                <action id="-11" name="Subtract from" sid="908081310535622" type="System">
                    <param id="0" name="Variable">PlayerHeart</param>
                    <param id="1" name="Value">1</param>
                </action>
                <action id="0" name="Call function" sid="459714559177693" type="Function">
                    <param id="0" name="Name">&quot;playEnemy&quot;</param>
                    <param id="1" name="Parameter {n}"></param>
                </action>
            </actions>
        </event-block>
        <event-block sid="606296774625827">
            <conditions>
                <condition id="0" name="On collision with another object" sid="683322971005806" type="playerGreen_stand">
                    <param id="0" name="Object">flyenemy1</param>
                </condition>
                <condition behavior="Platform" id="4" inverted="1" name="Is falling" sid="240923333184847" type="playerGreen_stand" />
            </conditions>
            <actions>
                <action behavior="Flash" id="0" name="Flash" sid="749745675434886" type="playerGreen_stand">
                    <param id="0" name="&apos;On&apos; time">0.2</param>
                    <param id="1" name="&apos;Off&apos; time">0.2</param>
                    <param id="2" name="Duration">1.0</param>
                </action>
                <action id="-11" name="Subtract from" sid="744798184733901" type="System">
                    <param id="0" name="Variable">PlayerHeart</param>
                    <param id="1" name="Value">1</param>
                </action>
                <action id="0" name="Call function" sid="422858527255363" type="Function">
                    <param id="0" name="Name">&quot;playEnemy&quot;</param>
                    <param id="1" name="Parameter {n}"></param>
                </action>
            </actions>
        </event-block>
        <event-block sid="991047503628150">
            <conditions>
                <condition id="0" name="On collision with another object" sid="434322108199324" type="playerGreen_stand">
                    <param id="0" name="Object">enemySwimming_</param>
                </condition>
                <condition behavior="Platform" id="4" inverted="1" name="Is falling" sid="809576136177121" type="playerGreen_stand" />
            </conditions>
            <actions>
                <action behavior="Flash" id="0" name="Flash" sid="881089895240199" type="playerGreen_stand">
                    <param id="0" name="&apos;On&apos; time">0.2</param>
                    <param id="1" name="&apos;Off&apos; time">0.2</param>
                    <param id="2" name="Duration">1.0</param>
                </action>
                <action id="-11" name="Subtract from" sid="888291848161412" type="System">
                    <param id="0" name="Variable">PlayerHeart</param>
                    <param id="1" name="Value">1</param>
                </action>
                <action id="0" name="Call function" sid="755829470208550" type="Function">
                    <param id="0" name="Name">&quot;playEnemy&quot;</param>
                    <param id="1" name="Parameter {n}"></param>
                </action>
            </actions>
        </event-block>
        <event-block sid="778749669212104">
            <conditions>
                <condition id="-3" name="Is on-screen" sid="706566232920454" type="enemyWalking_" />
            </conditions>
            <actions />
            <sub-events>
                <event-block sid="236074072640133">
                    <conditions>
                        <condition id="-7" name="Compare instance variable" sid="910861989874239" type="enemyWalking_">
                            <param id="0" name="Instance variable">move</param>
                            <param id="1" name="Comparison">0</param>
                            <param id="2" name="Value">&quot;right&quot;</param>
                        </condition>
                    </conditions>
                    <actions>
                        <action behavior="Platform" id="7" name="Simulate control" sid="212690974978272" type="enemyWalking_">
                            <param id="0" name="Control">1</param>
                        </action>
                    </actions>
                    <sub-events>
                        <event-block sid="336223692345678">
                            <conditions>
                                <condition behavior="Platform" id="10" name="Is by wall" sid="214865850864301" type="enemyWalking_">
                                    <param id="0" name="Side">1</param>
                                </condition>
                            </conditions>
                            <actions>
                                <action id="-10" name="Set value" sid="295522483505352" type="enemyWalking_">
                                    <param id="0" name="Instance variable">move</param>
                                    <param id="1" name="Value">&quot;left&quot;</param>
                                </action>
                                <action id="7" name="Set mirrored" sid="473375197403939" type="enemyWalking_">
                                    <param id="0" name="State">0</param>
                                </action>
                            </actions>
                        </event-block>
                    </sub-events>
                </event-block>
            </sub-events>
        </event-block>
        <event-block sid="614819846578591">
            <conditions>
                <condition id="-7" name="Compare instance variable" sid="287575122900870" type="enemyWalking_">
                    <param id="0" name="Instance variable">move</param>
                    <param id="1" name="Comparison">0</param>
                    <param id="2" name="Value">&quot;left&quot;</param>
                </condition>
            </conditions>
            <actions>
                <action behavior="Platform" id="7" name="Simulate control" sid="521980429036420" type="enemyWalking_">
                    <param id="0" name="Control">0</param>
                </action>
            </actions>
            <sub-events>
                <event-block sid="474354429556425">
                    <conditions>
                        <condition behavior="Platform" id="10" name="Is by wall" sid="445041718277064" type="enemyWalking_">
                            <param id="0" name="Side">0</param>
                        </condition>
                    </conditions>
                    <actions>
                        <action id="-10" name="Set value" sid="294461904517365" type="enemyWalking_">
                            <param id="0" name="Instance variable">move</param>
                            <param id="1" name="Value">&quot;right&quot;</param>
                        </action>
                        <action id="7" name="Set mirrored" sid="468911740988916" type="enemyWalking_">
                            <param id="0" name="State">1</param>
                        </action>
                    </actions>
                </event-block>
            </sub-events>
        </event-block>
        <event-block sid="427463620706204">
            <conditions>
                <condition id="-3" name="Is on-screen" sid="546052080200918" type="enemySwimming_" />
            </conditions>
            <actions />
            <sub-events>
                <event-block sid="952727185060959">
                    <conditions>
                        <condition id="-4" name="Trigger once while true" sid="272815792619124" type="System" />
                    </conditions>
                    <actions>
                        <action behavior="Bullet" id="5" name="Set enabled" sid="428168803433875" type="enemySwimming_">
                            <param id="0" name="State">1</param>
                        </action>
                    </actions>
                </event-block>
            </sub-events>
        </event-block>
        <event-block sid="988039038571082">
            <conditions>
                <condition id="0" name="On collision with another object" sid="432747271961687" type="playerGreen_stand">
                    <param id="0" name="Object">blueJewel</param>
                </condition>
            </conditions>
            <actions>
                <action id="-9" name="Destroy" sid="687986083389254" type="blueJewel" />
                <action id="-10" name="Add to" sid="452382241945479" type="System">
                    <param id="0" name="Variable">Gem</param>
                    <param id="1" name="Value">1</param>
                </action>
            </actions>
            <sub-events>
                <event-block sid="175913977316977">
                    <conditions>
                        <condition id="-14" name="Compare variable" sid="794749005206821" type="System">
                            <param id="0" name="Variable">Sound</param>
                            <param id="1" name="Comparison">0</param>
                            <param id="2" name="Value">&quot;on&quot;</param>
                        </condition>
                    </conditions>
                    <actions>
                        <action id="0" name="Play" sid="461163068245054" type="Audio">
                            <param id="0" name="Audio file">Collect Gem</param>
                            <param id="2" name="Loop">0</param>
                            <param id="3" name="Volume">0</param>
                            <param id="1" name="Tag (optional)">&quot;&quot;</param>
                        </action>
                    </actions>
                </event-block>
            </sub-events>
        </event-block>
        <event-block sid="781649583102103">
            <conditions>
                <condition id="-1" name="Every tick" sid="773329955774098" type="System" />
            </conditions>
            <actions />
            <sub-events>
                <event-block sid="969514605881660">
                    <conditions>
                        <condition id="-7" name="Compare instance variable" sid="154379269782818" type="Text2">
                            <param id="0" name="Instance variable">type</param>
                            <param id="1" name="Comparison">0</param>
                            <param id="2" name="Value">&quot;gem&quot;</param>
                        </condition>
                    </conditions>
                    <actions>
                        <action id="0" name="Set text" sid="193226322665828" type="Text2">
                            <param id="0" name="Text">Gem</param>
                        </action>
                    </actions>
                </event-block>
                <event-block sid="822225794458529">
                    <conditions>
                        <condition id="-7" name="Compare instance variable" sid="990557259171472" type="Text2">
                            <param id="0" name="Instance variable">type</param>
                            <param id="1" name="Comparison">0</param>
                            <param id="2" name="Value">&quot;heart&quot;</param>
                        </condition>
                    </conditions>
                    <actions>
                        <action id="0" name="Set text" sid="778134167028951" type="Text2">
                            <param id="0" name="Text">PlayerHeart</param>
                        </action>
                    </actions>
                </event-block>
            </sub-events>
        </event-block>
        <event-block sid="710599943563130">
            <conditions>
                <condition id="-14" name="Compare variable" sid="927241317383923" type="System">
                    <param id="0" name="Variable">PlayerHeart</param>
                    <param id="1" name="Comparison">3</param>
                    <param id="2" name="Value">0</param>
                </condition>
            </conditions>
            <actions />
            <sub-events>
                <event-block sid="203611923910034">
                    <conditions>
                        <condition id="-4" name="Trigger once while true" sid="222568870904961" type="System" />
                    </conditions>
                    <actions>
                        <action id="4" name="Set animation" sid="203129151584838" type="playerGreen_stand">
                            <param id="0" name="Animation">&quot;Dead&quot;</param>
                            <param id="1" name="From">1</param>
                        </action>
                        <action behavior="Platform" id="11" name="Set enabled" sid="585516485956614" type="playerGreen_stand">
                            <param id="0" name="State">0</param>
                        </action>
                        <action id="-16" name="Wait" sid="582082012001292" type="System">
                            <param id="0" name="Seconds">2</param>
                        </action>
                        <action id="-4" name="Set layer visible" sid="296537709470718" type="System">
                            <param id="0" name="Layer">&quot;Popup&quot;</param>
                            <param id="1" name="Visibility">1</param>
                        </action>
                        <action id="-9" name="Set value" sid="802348146300904" type="System">
                            <param id="0" name="Variable">state</param>
                            <param id="1" name="Value">&quot;lose&quot;</param>
                        </action>
                    </actions>
                    <sub-events>
                        <event-block sid="212102965384714">
                            <conditions>
                                <condition id="-14" name="Compare variable" sid="219315773768375" type="System">
                                    <param id="0" name="Variable">Sound</param>
                                    <param id="1" name="Comparison">0</param>
                                    <param id="2" name="Value">&quot;on&quot;</param>
                                </condition>
                            </conditions>
                            <actions>
                                <action id="6" name="Stop" sid="234366516775420" type="Audio">
                                    <param id="0" name="Tag">&quot;music&quot;</param>
                                </action>
                                <action id="0" name="Play" sid="185769305747790" type="Audio">
                                    <param id="0" name="Audio file">Jingle Lose</param>
                                    <param id="2" name="Loop">0</param>
                                    <param id="3" name="Volume">0</param>
                                    <param id="1" name="Tag (optional)">&quot;&quot;</param>
                                </action>
                            </actions>
                        </event-block>
                    </sub-events>
                </event-block>
            </sub-events>
        </event-block>
        <event-block sid="841347041927654">
            <conditions>
                <condition id="0" name="On collision with another object" sid="262806392132934" type="playerGreen_stand">
                    <param id="0" name="Object">flyenemy1</param>
                </condition>
            </conditions>
            <actions />
            <sub-events>
                <event-block sid="731205638894063">
                    <conditions>
                        <condition behavior="Platform" id="4" name="Is falling" sid="585404071189160" type="playerGreen_stand" />
                        <condition id="2" inverted="1" name="Is playing" sid="631724607995405" type="flyenemy1">
                            <param id="0" name="Animation">&quot;Dead&quot;</param>
                        </condition>
                    </conditions>
                    <actions>
                        <action id="4" name="Set animation" sid="177264576066657" type="flyenemy1">
                            <param id="0" name="Animation">&quot;Dead&quot;</param>
                            <param id="1" name="From">1</param>
                        </action>
                        <action behavior="Sine" id="0" name="Set active" sid="223952515424178" type="flyenemy1">
                            <param id="0" name="State">0</param>
                        </action>
                        <action behavior="Sine" id="0" name="Set active" sid="188441221619711" type="flyenemy1">
                            <param id="0" name="State">0</param>
                        </action>
                        <action behavior="Fade" id="1" name="Start fade" sid="850529513424992" type="flyenemy1" />
                        <action id="0" name="Spawn another object" sid="870701129756414" type="flyenemy1">
                            <param id="0" name="Object">bonus</param>
                            <param id="1" name="Layer">&quot;Game&quot;</param>
                            <param id="2" name="Image point">0</param>
                        </action>
                        <action id="-10" name="Add to" sid="125504946314768" type="System">
                            <param id="0" name="Variable">Gem</param>
                            <param id="1" name="Value">2</param>
                        </action>
                        <action behavior="Platform" id="9" name="Set vector Y" sid="916739345179200" type="playerGreen_stand">
                            <param id="0" name="Vector Y">-600</param>
                        </action>
                        <action id="0" name="Call function" sid="692439175979537" type="Function">
                            <param id="0" name="Name">&quot;playHit&quot;</param>
                            <param id="1" name="Parameter {n}"></param>
                        </action>
                    </actions>
                </event-block>
            </sub-events>
        </event-block>
        <event-block sid="177239004889581">
            <conditions>
                <condition id="0" name="On collision with another object" sid="386740293551053" type="playerGreen_stand">
                    <param id="0" name="Object">enemyWalking_</param>
                </condition>
            </conditions>
            <actions />
            <sub-events>
                <event-block sid="998704397543816">
                    <conditions>
                        <condition behavior="Platform" id="4" name="Is falling" sid="411468284443344" type="playerGreen_stand" />
                        <condition id="2" inverted="1" name="Is playing" sid="947845091230602" type="enemyWalking_">
                            <param id="0" name="Animation">&quot;Dead&quot;</param>
                        </condition>
                    </conditions>
                    <actions>
                        <action behavior="Platform" id="11" name="Set enabled" sid="475035188809828" type="enemyWalking_">
                            <param id="0" name="State">0</param>
                        </action>
                        <action id="4" name="Set animation" sid="739385322620729" type="enemyWalking_">
                            <param id="0" name="Animation">&quot;Dead&quot;</param>
                            <param id="1" name="From">1</param>
                        </action>
                        <action behavior="Fade" id="1" name="Start fade" sid="723325434001504" type="enemyWalking_" />
                        <action id="0" name="Spawn another object" sid="550848880327318" type="enemyWalking_">
                            <param id="0" name="Object">bonus</param>
                            <param id="1" name="Layer">&quot;Game&quot;</param>
                            <param id="2" name="Image point">0</param>
                        </action>
                        <action id="-10" name="Add to" sid="608163443721924" type="System">
                            <param id="0" name="Variable">Gem</param>
                            <param id="1" name="Value">2</param>
                        </action>
                        <action behavior="Platform" id="9" name="Set vector Y" sid="206172202004541" type="playerGreen_stand">
                            <param id="0" name="Vector Y">-600</param>
                        </action>
                        <action id="0" name="Call function" sid="744204869859951" type="Function">
                            <param id="0" name="Name">&quot;playHit&quot;</param>
                            <param id="1" name="Parameter {n}"></param>
                        </action>
                    </actions>
                </event-block>
            </sub-events>
        </event-block>
        <event-block sid="157458493441682">
            <conditions>
                <condition id="0" name="On collision with another object" sid="783424469232584" type="playerGreen_stand">
                    <param id="0" name="Object">enemySwimming_</param>
                </condition>
            </conditions>
            <actions />
            <sub-events>
                <event-block sid="929987354517004">
                    <conditions>
                        <condition behavior="Platform" id="4" name="Is falling" sid="433566301614913" type="playerGreen_stand" />
                        <condition id="2" inverted="1" name="Is playing" sid="808811296818483" type="enemySwimming_">
                            <param id="0" name="Animation">&quot;Dead&quot;</param>
                        </condition>
                    </conditions>
                    <actions>
                        <action id="4" name="Set animation" sid="359336583437204" type="enemySwimming_">
                            <param id="0" name="Animation">&quot;Dead&quot;</param>
                            <param id="1" name="From">1</param>
                        </action>
                        <action behavior="Fade" id="1" name="Start fade" sid="435323834713579" type="enemySwimming_" />
                        <action id="0" name="Spawn another object" sid="200752399924009" type="enemySwimming_">
                            <param id="0" name="Object">bonus</param>
                            <param id="1" name="Layer">&quot;Game&quot;</param>
                            <param id="2" name="Image point">0</param>
                        </action>
                        <action id="-10" name="Add to" sid="736284188616675" type="System">
                            <param id="0" name="Variable">Gem</param>
                            <param id="1" name="Value">2</param>
                        </action>
                        <action behavior="Bullet" id="0" name="Set speed" sid="403114411944246" type="enemySwimming_">
                            <param id="0" name="Speed">0</param>
                        </action>
                        <action behavior="Platform" id="9" name="Set vector Y" sid="908356417689173" type="playerGreen_stand">
                            <param id="0" name="Vector Y">-600</param>
                        </action>
                        <action id="0" name="Call function" sid="917616643655018" type="Function">
                            <param id="0" name="Name">&quot;playHit&quot;</param>
                            <param id="1" name="Parameter {n}"></param>
                        </action>
                    </actions>
                </event-block>
            </sub-events>
        </event-block>
        <event-block sid="378463471760266">
            <conditions>
                <condition id="-18" name="On created" sid="248648254156877" type="bonus" />
            </conditions>
            <actions>
                <action behavior="Bullet" id="3" name="Set angle of motion" sid="567493917105147" type="bonus">
                    <param id="0" name="Angle">-90</param>
                </action>
            </actions>
        </event-block>
        <event-block sid="831605981195131">
            <conditions>
                <condition id="-9" name="Layer is visible" sid="478024487892668" type="System">
                    <param id="0" name="Layer">&quot;Popup&quot;</param>
                </condition>
            </conditions>
            <actions />
            <sub-events>
                <event-block sid="644791019441719">
                    <conditions>
                        <condition id="17" name="On tap object" sid="237819275807946" type="Touch">
                            <param id="0" name="Object">Button</param>
                        </condition>
                    </conditions>
                    <actions>
                        <action id="5" name="Set frame" sid="898861725874195" type="Button">
                            <param id="0" name="Frame number">1</param>
                        </action>
                        <action id="-16" name="Wait" sid="723098812950795" type="System">
                            <param id="0" name="Seconds">0.2</param>
                        </action>
                        <action id="5" name="Set frame" sid="963991632144720" type="Button">
                            <param id="0" name="Frame number">0</param>
                        </action>
                    </actions>
                </event-block>
                <event-block sid="215276079059300">
                    <conditions>
                        <condition id="17" name="On tap object" sid="454713432576837" type="Touch">
                            <param id="0" name="Object">Restart</param>
                        </condition>
                        <condition id="-9" name="Is visible" sid="126134652289464" type="Restart" />
                    </conditions>
                    <actions>
                        <action id="-16" name="Wait" sid="262621019095245" type="System">
                            <param id="0" name="Seconds">0.4</param>
                        </action>
                        <action id="-9" name="Set value" sid="555250643815566" type="System">
                            <param id="0" name="Variable">PlayerHeart</param>
                            <param id="1" name="Value">3</param>
                        </action>
                        <action id="-26" name="Restart layout" sid="657373139947269" type="System" />
                    </actions>
                </event-block>
                <event-block sid="398497016574585">
                    <conditions>
                        <condition id="17" name="On tap object" sid="556237866896420" type="Touch">
                            <param id="0" name="Object">NextLevel</param>
                        </condition>
                        <condition id="-9" name="Is visible" sid="326184316098096" type="NextLevel" />
                    </conditions>
                    <actions>
                        <action id="-16" name="Wait" sid="356745586819505" type="System">
                            <param id="0" name="Seconds">0.4</param>
                        </action>
                        <action id="-43" name="Go to next/previous layout" sid="271687067681443" type="System">
                            <param id="0" name="Which">0</param>
                        </action>
                    </actions>
                </event-block>
                <event-block sid="620756626061809">
                    <conditions>
                        <condition id="-4" name="Trigger once while true" sid="181105664669367" type="System" />
                    </conditions>
                    <actions />
                    <sub-events>
                        <event-block sid="267066688156989">
                            <conditions>
                                <condition id="-7" name="Compare instance variable" sid="129682661122519" type="Text2">
                                    <param id="0" name="Instance variable">type</param>
                                    <param id="1" name="Comparison">0</param>
                                    <param id="2" name="Value">&quot;key&quot;</param>
                                </condition>
                            </conditions>
                            <actions>
                                <action id="0" name="Set text" sid="975068568141360" type="Text2">
                                    <param id="0" name="Text">playerGreen_stand.key</param>
                                </action>
                            </actions>
                        </event-block>
                        <event-block sid="748678499001355">
                            <conditions>
                                <condition id="-14" name="Compare variable" sid="335053681930776" type="System">
                                    <param id="0" name="Variable">state</param>
                                    <param id="1" name="Comparison">0</param>
                                    <param id="2" name="Value">&quot;win&quot;</param>
                                </condition>
                            </conditions>
                            <actions>
                                <action id="-15" name="Set visible" sid="293749108670412" type="Restart">
                                    <param id="0" name="Visibility">0</param>
                                </action>
                            </actions>
                        </event-block>
                        <event-block sid="694630524022284">
                            <conditions>
                                <condition id="-14" name="Compare variable" sid="834146778438959" type="System">
                                    <param id="0" name="Variable">state</param>
                                    <param id="1" name="Comparison">0</param>
                                    <param id="2" name="Value">&quot;lose&quot;</param>
                                </condition>
                            </conditions>
                            <actions>
                                <action id="-15" name="Set visible" sid="383923123043263" type="NextLevel">
                                    <param id="0" name="Visibility">0</param>
                                </action>
                            </actions>
                        </event-block>
                    </sub-events>
                </event-block>
            </sub-events>
        </event-block>
        <event-block sid="874593901184776">
            <conditions>
                <condition id="0" name="On collision with another object" sid="697673620037329" type="playerGreen_stand">
                    <param id="0" name="Object">doorGreen_lock</param>
                </condition>
                <condition id="3" name="Compare frame" sid="622005700884237" type="doorGreen_lock">
                    <param id="0" name="Comparison">0</param>
                    <param id="1" name="Number">1</param>
                </condition>
            </conditions>
            <actions>
                <action id="-16" name="Wait" sid="814614173817282" type="System">
                    <param id="0" name="Seconds">0.5</param>
                </action>
                <action id="-12" name="Set group active" sid="268435044662959" type="System">
                    <param id="0" name="Group name">&quot;Player&quot;</param>
                    <param id="1" name="State">0</param>
                </action>
                <action id="-16" name="Wait" sid="455357641862520" type="System">
                    <param id="0" name="Seconds">1.0</param>
                </action>
                <action id="-4" name="Set layer visible" sid="141397881416711" type="System">
                    <param id="0" name="Layer">&quot;Popup&quot;</param>
                    <param id="1" name="Visibility">1</param>
                </action>
                <action id="5" name="Set frame" sid="638904494771680" type="complete">
                    <param id="0" name="Frame number">0</param>
                </action>
                <action id="6" name="Stop" sid="290715894530859" type="Audio">
                    <param id="0" name="Tag">&quot;music&quot;</param>
                </action>
                <action id="-9" name="Set value" sid="224574830344454" type="System">
                    <param id="0" name="Variable">state</param>
                    <param id="1" name="Value">&quot;win&quot;</param>
                </action>
                <action behavior="Fade" id="1" name="Start fade" sid="186095423526556" type="playerGreen_stand" />
            </actions>
            <sub-events>
                <event-block sid="392838842653139">
                    <conditions>
                        <condition id="-14" name="Compare variable" sid="712105030260399" type="System">
                            <param id="0" name="Variable">Sound</param>
                            <param id="1" name="Comparison">0</param>
                            <param id="2" name="Value">&quot;on&quot;</param>
                        </condition>
                    </conditions>
                    <actions>
                        <action id="0" name="Play" sid="656662146825824" type="Audio">
                            <param id="0" name="Audio file">Jingle Win</param>
                            <param id="2" name="Loop">0</param>
                            <param id="3" name="Volume">0</param>
                            <param id="1" name="Tag (optional)">&quot;&quot;</param>
                        </action>
                    </actions>
                </event-block>
            </sub-events>
        </event-block>
        <event-group description="" sid="669359763144025" title="Player">
            <sub-events>
                <event-group description="" sid="739117935281561" title="Player Animation">
                    <sub-events>
                        <event-block sid="246383156460390">
                            <conditions>
                                <condition behavior="Platform" id="8" name="On moved" sid="323288261499988" type="playerGreen_stand" />
                            </conditions>
                            <actions>
                                <action id="4" name="Set animation" sid="487781869160319" type="playerGreen_stand">
                                    <param id="0" name="Animation">&quot;Walk&quot;</param>
                                    <param id="1" name="From">1</param>
                                </action>
                            </actions>
                        </event-block>
                        <event-block sid="126169543591674">
                            <conditions>
                                <condition behavior="Platform" id="7" name="On stopped" sid="561193960710525" type="playerGreen_stand" />
                            </conditions>
                            <actions>
                                <action id="4" name="Set animation" sid="829902421847894" type="playerGreen_stand">
                                    <param id="0" name="Animation">&quot;Stand&quot;</param>
                                    <param id="1" name="From">1</param>
                                </action>
                            </actions>
                        </event-block>
                        <event-block sid="607399243853633">
                            <conditions>
                                <condition behavior="Platform" id="5" name="On jump" sid="773915379821418" type="playerGreen_stand" />
                            </conditions>
                            <actions>
                                <action id="4" name="Set animation" sid="487395302050324" type="playerGreen_stand">
                                    <param id="0" name="Animation">&quot;Jump&quot;</param>
                                    <param id="1" name="From">1</param>
                                </action>
                            </actions>
                        </event-block>
                        <event-block sid="806532083050473">
                            <conditions>
                                <condition behavior="Platform" id="9" name="On landed" sid="911120671056649" type="playerGreen_stand" />
                            </conditions>
                            <actions />
                        </event-block>
                        <event-block sid="959911687210412">
                            <conditions>
                                <condition behavior="Platform" id="0" inverted="1" name="Is moving" sid="334355047388550" type="playerGreen_stand" />
                            </conditions>
                            <actions>
                                <action id="4" name="Set animation" sid="508058967953482" type="playerGreen_stand">
                                    <param id="0" name="Animation">&quot;Walk&quot;</param>
                                    <param id="1" name="From">1</param>
                                </action>
                            </actions>
                        </event-block>
                        <event-block sid="549785203692936">
                            <conditions>
                                <condition behavior="Platform" id="0" inverted="1" name="Is moving" sid="678994502377124" type="playerGreen_stand" />
                            </conditions>
                            <actions>
                                <action id="4" name="Set animation" sid="290855208983560" type="playerGreen_stand">
                                    <param id="0" name="Animation">&quot;Stand&quot;</param>
                                    <param id="1" name="From">1</param>
                                </action>
                            </actions>
                        </event-block>
                        <event-block sid="374052251018892">
                            <conditions>
                                <condition behavior="Platform" id="6" name="On fall" sid="890492597354020" type="playerGreen_stand" />
                            </conditions>
                            <actions>
                                <action id="4" name="Set animation" sid="828306241104965" type="playerGreen_stand">
                                    <param id="0" name="Animation">&quot;Fall&quot;</param>
                                    <param id="1" name="From">1</param>
                                </action>
                            </actions>
                        </event-block>
                        <event-block any="1" sid="897795996264225">
                            <conditions>
                                <condition id="0" name="On key pressed" sid="767686622355053" type="Keyboard">
                                    <param id="0" name="Key">37</param>
                                </condition>
                                <condition id="3" name="On touched object" sid="222989457595093" type="Touch">
                                    <param id="0" name="Object">flatDark</param>
                                </condition>
                            </conditions>
                            <actions>
                                <action id="7" name="Set mirrored" sid="155790556484029" type="playerGreen_stand">
                                    <param id="0" name="State">0</param>
                                </action>
                            </actions>
                        </event-block>
                        <event-block any="1" sid="115198082390047">
                            <conditions>
                                <condition id="0" name="On key pressed" sid="452125422439372" type="Keyboard">
                                    <param id="0" name="Key">39</param>
                                </condition>
                                <condition id="3" name="On touched object" sid="736270640958528" type="Touch">
                                    <param id="0" name="Object">flatDark2</param>
                                </condition>
                            </conditions>
                            <actions>
                                <action id="7" name="Set mirrored" sid="234053261671902" type="playerGreen_stand">
                                    <param id="0" name="State">1</param>
                                </action>
                            </actions>
                        </event-block>
                    </sub-events>
                </event-group>
                <event-group description="" sid="271132523300596" title="Player Control">
                    <sub-events>
                        <event-block any="1" sid="762331320459089">
                            <conditions>
                                <condition id="2" name="Key is down" sid="263601177199277" type="Keyboard">
                                    <param id="0" name="Key">39</param>
                                </condition>
                                <condition id="4" name="Is touching object" sid="395708099440714" type="Touch">
                                    <param id="0" name="Object">flatDark2</param>
                                </condition>
                            </conditions>
                            <actions>
                                <action behavior="Platform" id="7" name="Simulate control" sid="708589622436630" type="playerGreen_stand">
                                    <param id="0" name="Control">1</param>
                                </action>
                            </actions>
                        </event-block>
                        <event-block any="1" sid="432782089755811">
                            <conditions>
                                <condition id="2" name="Key is down" sid="604654598676884" type="Keyboard">
                                    <param id="0" name="Key">37</param>
                                </condition>
                                <condition id="4" name="Is touching object" sid="430314154586432" type="Touch">
                                    <param id="0" name="Object">flatDark</param>
                                </condition>
                            </conditions>
                            <actions>
                                <action behavior="Platform" id="7" name="Simulate control" sid="193265037243211" type="playerGreen_stand">
                                    <param id="0" name="Control">0</param>
                                </action>
                            </actions>
                        </event-block>
                        <event-block any="1" sid="284184922110961">
                            <conditions>
                                <condition id="0" name="On key pressed" sid="939598508377576" type="Keyboard">
                                    <param id="0" name="Key">38</param>
                                </condition>
                                <condition id="3" name="On touched object" sid="631457641218873" type="Touch">
                                    <param id="0" name="Object">flatDark3</param>
                                </condition>
                            </conditions>
                            <actions>
                                <action behavior="Platform" id="7" name="Simulate control" sid="987545525395666" type="playerGreen_stand">
                                    <param id="0" name="Control">2</param>
                                </action>
                            </actions>
                        </event-block>
                    </sub-events>
                </event-group>
            </sub-events>
        </event-group>
        <event-block sid="816110979867483">
            <conditions>
                <condition id="0" name="On collision with another object" sid="394035518599030" type="playerGreen_stand">
                    <param id="0" name="Object">keyGreen</param>
                </condition>
            </conditions>
            <actions>
                <action id="-9" name="Destroy" sid="913778842812142" type="keyGreen" />
                <action id="-11" name="Add to" sid="504373334370392" type="playerGreen_stand">
                    <param id="0" name="Instance variable">key</param>
                    <param id="1" name="Value">1</param>
                </action>
                <action id="5" name="Set frame" sid="407339912288346" type="key">
                    <param id="0" name="Frame number">playerGreen_stand.key</param>
                </action>
            </actions>
            <sub-events>
                <event-block sid="655455280552692">
                    <conditions>
                        <condition id="-14" name="Compare variable" sid="833519663623730" type="System">
                            <param id="0" name="Variable">Sound</param>
                            <param id="1" name="Comparison">0</param>
                            <param id="2" name="Value">&quot;on&quot;</param>
                        </condition>
                    </conditions>
                    <actions>
                        <action id="0" name="Play" sid="589769798343484" type="Audio">
                            <param id="0" name="Audio file">Collect Key</param>
                            <param id="2" name="Loop">0</param>
                            <param id="3" name="Volume">0</param>
                            <param id="1" name="Tag (optional)">&quot;&quot;</param>
                        </action>
                    </actions>
                </event-block>
            </sub-events>
        </event-block>
        <event-block sid="830604398753925">
            <conditions>
                <condition id="-7" name="Compare instance variable" sid="870938869434546" type="playerGreen_stand">
                    <param id="0" name="Instance variable">key</param>
                    <param id="1" name="Comparison">0</param>
                    <param id="2" name="Value">3</param>
                </condition>
            </conditions>
            <actions />
            <sub-events>
                <event-block sid="180974414186913">
                    <conditions>
                        <condition id="-4" name="Trigger once while true" sid="309312210694531" type="System" />
                    </conditions>
                    <actions>
                        <action id="5" name="Set frame" sid="763909115838726" type="doorGreen_lock">
                            <param id="0" name="Frame number">1</param>
                        </action>
                        <action id="5" name="Set frame" sid="487091933204658" type="doorGreen_top">
                            <param id="0" name="Frame number">1</param>
                        </action>
                    </actions>
                </event-block>
            </sub-events>
        </event-block>
        <event-block sid="886440327991074">
            <conditions>
                <condition id="3" name="On touched object" sid="857285348196207" type="Touch">
                    <param id="0" name="Object">Controler</param>
                </condition>
            </conditions>
            <actions>
                <action id="9" name="Set scale" sid="834181705680872" type="Controler">
                    <param id="0" name="Scale">0.9</param>
                </action>
            </actions>
        </event-block>
        <event-block sid="152167836060577">
            <conditions>
                <condition id="1" name="On any touch end" sid="685910985062724" type="Touch" />
            </conditions>
            <actions>
                <action id="9" name="Set scale" sid="327514277791307" type="Controler">
                    <param id="0" name="Scale">1</param>
                </action>
            </actions>
        </event-block>
        <event-block sid="404553460146891">
            <conditions>
                <condition id="-4" name="Is outside layout" sid="682628995813849" type="playerGreen_stand" />
            </conditions>
            <actions />
            <sub-events>
                <event-block sid="573657048038465">
                    <conditions>
                        <condition id="-2" name="Compare Y" sid="693443600224327" type="playerGreen_stand">
                            <param id="0" name="Comparison">4</param>
                            <param id="1" name="Y co-ordinate">LayoutHeight</param>
                        </condition>
                        <condition id="-4" name="Trigger once while true" sid="189206496024237" type="System" />
                    </conditions>
                    <actions>
                        <action id="-9" name="Set value" sid="442003888894647" type="System">
                            <param id="0" name="Variable">PlayerHeart</param>
                            <param id="1" name="Value">0</param>
                        </action>
                        <action behavior="Platform" id="11" name="Set enabled" sid="969577648765096" type="playerGreen_stand">
                            <param id="0" name="State">0</param>
                        </action>
                    </actions>
                </event-block>
            </sub-events>
        </event-block>
        <event-block sid="943531783762544">
            <conditions>
                <condition id="0" name="On function" sid="906361362145316" type="Function">
                    <param id="0" name="Name">&quot;playEnemy&quot;</param>
                </condition>
            </conditions>
            <actions />
            <sub-events>
                <event-block sid="288648767482959">
                    <conditions>
                        <condition id="-14" name="Compare variable" sid="627417198718921" type="System">
                            <param id="0" name="Variable">Sound</param>
                            <param id="1" name="Comparison">0</param>
                            <param id="2" name="Value">&quot;on&quot;</param>
                        </condition>
                    </conditions>
                    <actions>
                        <action id="0" name="Play" sid="736302282131398" type="Audio">
                            <param id="0" name="Audio file">EnemyHit</param>
                            <param id="2" name="Loop">0</param>
                            <param id="3" name="Volume">0</param>
                            <param id="1" name="Tag (optional)">&quot;&quot;</param>
                        </action>
                    </actions>
                </event-block>
            </sub-events>
        </event-block>
        <event-block sid="378438473435776">
            <conditions>
                <condition id="0" name="On function" sid="812981796421095" type="Function">
                    <param id="0" name="Name">&quot;playHit&quot;</param>
                </condition>
            </conditions>
            <actions />
            <sub-events>
                <event-block sid="775876455251466">
                    <conditions>
                        <condition id="-14" name="Compare variable" sid="199644479509648" type="System">
                            <param id="0" name="Variable">Sound</param>
                            <param id="1" name="Comparison">0</param>
                            <param id="2" name="Value">&quot;on&quot;</param>
                        </condition>
                    </conditions>
                    <actions>
                        <action id="0" name="Play" sid="896655390021894" type="Audio">
                            <param id="0" name="Audio file">Hit</param>
                            <param id="2" name="Loop">0</param>
                            <param id="3" name="Volume">0</param>
                            <param id="1" name="Tag (optional)">&quot;&quot;</param>
                        </action>
                    </actions>
                </event-block>
            </sub-events>
        </event-block>
        <event-block sid="133955611156436">
            <conditions>
                <condition id="17" name="On tap object" sid="950203795456043" type="Touch">
                    <param id="0" name="Object">btnMusic</param>
                </condition>
            </conditions>
            <actions />
            <sub-events>
                <event-block sid="918721206018238">
                    <conditions>
                        <condition id="-14" name="Compare variable" sid="996244365538012" type="System">
                            <param id="0" name="Variable">Music</param>
                            <param id="1" name="Comparison">0</param>
                            <param id="2" name="Value">&quot;on&quot;</param>
                        </condition>
                    </conditions>
                    <actions>
                        <action id="6" name="Stop" sid="196424986987770" type="Audio">
                            <param id="0" name="Tag">&quot;music&quot;</param>
                        </action>
                        <action id="-16" name="Wait" sid="139907317181232" type="System">
                            <param id="0" name="Seconds">0</param>
                        </action>
                        <action id="-9" name="Set value" sid="711261429259297" type="System">
                            <param id="0" name="Variable">Music</param>
                            <param id="1" name="Value">&quot;off&quot;</param>
                        </action>
                        <action id="5" name="Set frame" sid="999205189128819" type="btnMusic">
                            <param id="0" name="Frame number">1</param>
                        </action>
                    </actions>
                </event-block>
            </sub-events>
        </event-block>
        <event-block sid="398734784416206">
            <conditions>
                <condition id="17" name="On tap object" sid="316938080904920" type="Touch">
                    <param id="0" name="Object">btnMusic</param>
                </condition>
            </conditions>
            <actions />
            <sub-events>
                <event-block sid="624983313575069">
                    <conditions>
                        <condition id="-14" name="Compare variable" sid="216155218046203" type="System">
                            <param id="0" name="Variable">Music</param>
                            <param id="1" name="Comparison">0</param>
                            <param id="2" name="Value">&quot;off&quot;</param>
                        </condition>
                    </conditions>
                    <actions>
                        <action id="0" name="Play" sid="220868563102869" type="Audio">
                            <param id="0" name="Audio file">MattOglseby - 1</param>
                            <param id="2" name="Loop">1</param>
                            <param id="3" name="Volume">-10</param>
                            <param id="1" name="Tag (optional)">&quot;music&quot;</param>
                        </action>
                        <action id="-16" name="Wait" sid="411153581210608" type="System">
                            <param id="0" name="Seconds">0</param>
                        </action>
                        <action id="-9" name="Set value" sid="291591048922461" type="System">
                            <param id="0" name="Variable">Music</param>
                            <param id="1" name="Value">&quot;on&quot;</param>
                        </action>
                        <action id="5" name="Set frame" sid="355433681388553" type="btnMusic">
                            <param id="0" name="Frame number">0</param>
                        </action>
                    </actions>
                </event-block>
            </sub-events>
        </event-block>
        <event-block sid="883173599320562">
            <conditions>
                <condition id="17" name="On tap object" sid="594268079594140" type="Touch">
                    <param id="0" name="Object">btnSound</param>
                </condition>
            </conditions>
            <actions />
            <sub-events>
                <event-block sid="694478027313872">
                    <conditions>
                        <condition id="-14" name="Compare variable" sid="260943787383054" type="System">
                            <param id="0" name="Variable">Sound</param>
                            <param id="1" name="Comparison">0</param>
                            <param id="2" name="Value">&quot;on&quot;</param>
                        </condition>
                    </conditions>
                    <actions>
                        <action id="-16" name="Wait" sid="659287594805527" type="System">
                            <param id="0" name="Seconds">0</param>
                        </action>
                        <action id="-9" name="Set value" sid="343506794444223" type="System">
                            <param id="0" name="Variable">Sound</param>
                            <param id="1" name="Value">&quot;off&quot;</param>
                        </action>
                        <action id="5" name="Set frame" sid="503714161517250" type="btnSound">
                            <param id="0" name="Frame number">1</param>
                        </action>
                    </actions>
                </event-block>
                <event-block sid="423317387409012">
                    <conditions>
                        <condition id="-14" name="Compare variable" sid="617760861440761" type="System">
                            <param id="0" name="Variable">Sound</param>
                            <param id="1" name="Comparison">0</param>
                            <param id="2" name="Value">&quot;off&quot;</param>
                        </condition>
                    </conditions>
                    <actions>
                        <action id="-16" name="Wait" sid="520345238851481" type="System">
                            <param id="0" name="Seconds">0</param>
                        </action>
                        <action id="-9" name="Set value" sid="385058767222128" type="System">
                            <param id="0" name="Variable">Sound</param>
                            <param id="1" name="Value">&quot;on&quot;</param>
                        </action>
                        <action id="5" name="Set frame" sid="264327188488566" type="btnSound">
                            <param id="0" name="Frame number">0</param>
                        </action>
                    </actions>
                </event-block>
            </sub-events>
        </event-block>
        <event-block sid="327365387478173">
            <conditions>
                <condition id="-9" inverted="1" name="Layer is visible" sid="484936238842610" type="System">
                    <param id="0" name="Layer">&quot;Popup&quot;</param>
                </condition>
            </conditions>
            <actions />
        </event-block>
        <event-block sid="251058546876799">
            <conditions>
                <condition id="17" name="On tap object" sid="524861396409364" type="Touch">
                    <param id="0" name="Object">Button</param>
                </condition>
            </conditions>
            <actions />
            <sub-events>
                <event-block sid="114264906081402">
                    <conditions>
                        <condition id="-14" name="Compare variable" sid="951502349299564" type="System">
                            <param id="0" name="Variable">Sound</param>
                            <param id="1" name="Comparison">0</param>
                            <param id="2" name="Value">&quot;on&quot;</param>
                        </condition>
                    </conditions>
                    <actions>
                        <action id="0" name="Play" sid="800505819247879" type="Audio">
                            <param id="0" name="Audio file">click</param>
                            <param id="2" name="Loop">0</param>
                            <param id="3" name="Volume">0</param>
                            <param id="1" name="Tag (optional)">&quot;&quot;</param>
                        </action>
                    </actions>
                </event-block>
            </sub-events>
        </event-block>
        <event-block sid="425009655762570">
            <conditions>
                <condition id="-3" name="On end of layout" sid="659809811913076" type="System" />
            </conditions>
            <actions />
            <sub-events>
                <event-block sid="140999891177957">
                    <conditions>
                        <condition id="-8" name="Compare two values" sid="668364755573863" type="System">
                            <param id="0" name="First value">LayoutName</param>
                            <param id="1" name="Comparison">4</param>
                            <param id="2" name="Second value">Level</param>
                        </condition>
                    </conditions>
                    <actions>
                        <action id="-9" name="Set value" sid="526062665933837" type="System">
                            <param id="0" name="Variable">Level</param>
                            <param id="1" name="Value">LayoutName</param>
                        </action>
                        <action id="0" name="Set local value" sid="934311112200450" type="WebStorage">
                            <param id="0" name="Key">&quot;level&quot;</param>
                            <param id="1" name="Value">Level</param>
                        </action>
                    </actions>
                </event-block>
            </sub-events>
        </event-block>
        <event-block sid="294603227610703">
            <conditions>
                <condition id="17" name="On tap object" sid="167262088237741" type="Touch">
                    <param id="0" name="Object">Button_2</param>
                </condition>
            </conditions>
            <actions>
                <action id="3" name="Start" sid="467448187628080" type="Button_2">
                    <param id="0" name="From">1</param>
                </action>
                <action id="-16" name="Wait" sid="881535393688165" type="System">
                    <param id="0" name="Seconds">0.3</param>
                </action>
                <action id="-2" name="Go to layout" sid="422800692044214" type="System">
                    <param id="0" name="Layout">Menu</param>
                </action>
            </actions>
        </event-block>
    </events>
</c2eventsheet>
