﻿<?xml version="1.0" encoding="utf-8" ?>
<c2eventsheet>
    <!--All the 'name' attributes are ignored by Construct 2 - they are there for readability only.-->
    <name>eLevel</name>
    <events>
        <variable constant="0" name="Level" sid="783579679854923" static="0" type="number">1</variable>
        <event-block sid="927671416189883">
            <conditions>
                <condition id="-2" name="On start of layout" sid="478095916915910" type="System" />
            </conditions>
            <actions />
            <sub-events>
                <event-block sid="298024002715439">
                    <conditions>
                        <condition id="-7" name="Compare instance variable" sid="423158724744373" type="Button_">
                            <param id="0" name="Instance variable">lev</param>
                            <param id="1" name="Comparison">3</param>
                            <param id="2" name="Value">Level</param>
                        </condition>
                    </conditions>
                    <actions>
                        <action id="5" name="Set frame" sid="144770645239904" type="Button_">
                            <param id="0" name="Frame number">0</param>
                        </action>
                        <action id="0" name="Spawn another object" sid="389020103975265" type="Button_">
                            <param id="0" name="Object">SpriteFont5</param>
                            <param id="1" name="Layer">2</param>
                            <param id="2" name="Image point">0</param>
                        </action>
                        <action id="0" name="Set text" sid="920924899944908" type="SpriteFont5">
                            <param id="0" name="Text">Button_.lev</param>
                        </action>
                    </actions>
                </event-block>
                <event-block sid="195006020034463">
                    <conditions>
                        <condition id="-7" name="Compare instance variable" sid="487335661168058" type="Button_">
                            <param id="0" name="Instance variable">lev</param>
                            <param id="1" name="Comparison">4</param>
                            <param id="2" name="Value">Level</param>
                        </condition>
                    </conditions>
                    <actions>
                        <action id="5" name="Set frame" sid="681541463849049" type="Button_">
                            <param id="0" name="Frame number">1</param>
                        </action>
                    </actions>
                </event-block>
            </sub-events>
        </event-block>
        <event-block sid="557731855708460">
            <conditions>
                <condition id="17" name="On tap object" sid="984384310406478" type="Touch">
                    <param id="0" name="Object">Button_</param>
                </condition>
                <condition id="3" name="Compare frame" sid="254046413763979" type="Button_">
                    <param id="0" name="Comparison">0</param>
                    <param id="1" name="Number">0</param>
                </condition>
            </conditions>
            <actions>
                <action id="-25" name="Go to layout (by name)" sid="429933695070768" type="System">
                    <param id="0" name="Layout">str(Button_.lev)</param>
                </action>
            </actions>
        </event-block>
        <event-block sid="621710816199390">
            <conditions>
                <condition id="17" name="On tap object" sid="668623168297958" type="Touch">
                    <param id="0" name="Object">Button</param>
                </condition>
            </conditions>
            <actions />
            <sub-events>
                <event-block sid="987116179603828">
                    <conditions>
                        <condition id="-14" name="Compare variable" sid="936027361078774" type="System">
                            <param id="0" name="Variable">Sound</param>
                            <param id="1" name="Comparison">0</param>
                            <param id="2" name="Value">&quot;on&quot;</param>
                        </condition>
                    </conditions>
                    <actions>
                        <action id="0" name="Play" sid="153004686267895" type="Audio">
                            <param id="0" name="Audio file">click</param>
                            <param id="2" name="Loop">0</param>
                            <param id="3" name="Volume">0</param>
                            <param id="1" name="Tag (optional)">&quot;&quot;</param>
                        </action>
                    </actions>
                </event-block>
            </sub-events>
        </event-block>
    </events>
</c2eventsheet>
