﻿<?xml version="1.0" encoding="utf-8" ?>
<c2eventsheet>
    <!--All the 'name' attributes are ignored by Construct 2 - they are there for readability only.-->
    <name>eMenu</name>
    <events>
        <event-block sid="640060553976821">
            <conditions>
                <condition id="-2" name="On start of layout" sid="697045721590326" type="System" />
            </conditions>
            <actions>
                <action id="33" name="Stop all" sid="556658858848933" type="Audio" />
            </actions>
            <sub-events>
                <event-block sid="615700710262705">
                    <conditions>
                        <condition id="-14" name="Compare variable" sid="805669227821729" type="System">
                            <param id="0" name="Variable">Music</param>
                            <param id="1" name="Comparison">0</param>
                            <param id="2" name="Value">&quot;on&quot;</param>
                        </condition>
                    </conditions>
                    <actions>
                        <action id="0" name="Play" sid="922104735941254" type="Audio">
                            <param id="0" name="Audio file">MattOglseby - 1</param>
                            <param id="2" name="Loop">1</param>
                            <param id="3" name="Volume">-10</param>
                            <param id="1" name="Tag (optional)">&quot;music&quot;</param>
                        </action>
                        <action id="5" name="Set frame" sid="582072977968218" type="btnMusic">
                            <param id="0" name="Frame number">0</param>
                        </action>
                    </actions>
                </event-block>
                <event-block sid="446920822230914">
                    <conditions>
                        <condition id="-14" name="Compare variable" sid="922776139569837" type="System">
                            <param id="0" name="Variable">Music</param>
                            <param id="1" name="Comparison">0</param>
                            <param id="2" name="Value">&quot;off&quot;</param>
                        </condition>
                    </conditions>
                    <actions>
                        <action id="5" name="Set frame" sid="687142282120352" type="btnMusic">
                            <param id="0" name="Frame number">1</param>
                        </action>
                    </actions>
                </event-block>
                <event-block sid="667419422338393">
                    <conditions>
                        <condition id="-14" name="Compare variable" sid="636010909064922" type="System">
                            <param id="0" name="Variable">Sound</param>
                            <param id="1" name="Comparison">0</param>
                            <param id="2" name="Value">&quot;off&quot;</param>
                        </condition>
                    </conditions>
                    <actions>
                        <action id="5" name="Set frame" sid="884824317561446" type="btnSound">
                            <param id="0" name="Frame number">1</param>
                        </action>
                    </actions>
                </event-block>
                <event-block sid="153302412041480">
                    <conditions>
                        <condition id="-14" name="Compare variable" sid="552724828920857" type="System">
                            <param id="0" name="Variable">Sound</param>
                            <param id="1" name="Comparison">0</param>
                            <param id="2" name="Value">&quot;on&quot;</param>
                        </condition>
                    </conditions>
                    <actions>
                        <action id="5" name="Set frame" sid="278437247440080" type="btnSound">
                            <param id="0" name="Frame number">0</param>
                        </action>
                    </actions>
                </event-block>
                <event-block sid="278021195747895">
                    <conditions>
                        <condition id="3" name="Local key exists" sid="258530998273438" type="WebStorage">
                            <param id="0" name="Key">&quot;level&quot;</param>
                        </condition>
                    </conditions>
                    <actions>
                        <action id="-9" name="Set value" sid="896608278264359" type="System">
                            <param id="0" name="Variable">Level</param>
                            <param id="1" name="Value">WebStorage.LocalValue(&quot;level&quot;)</param>
                        </action>
                    </actions>
                </event-block>
            </sub-events>
        </event-block>
        <event-block sid="510613775681225">
            <conditions>
                <condition id="17" name="On tap object" sid="200434403741259" type="Touch">
                    <param id="0" name="Object">btnPlay</param>
                </condition>
            </conditions>
            <actions>
                <action id="3" name="Start" sid="493920294715678" type="btnPlay">
                    <param id="0" name="From">1</param>
                </action>
                <action id="-16" name="Wait" sid="208401309073704" type="System">
                    <param id="0" name="Seconds">0.3</param>
                </action>
                <action id="-2" name="Go to layout" sid="375766897872408" type="System">
                    <param id="0" name="Layout">SelectLevel</param>
                </action>
            </actions>
        </event-block>
        <event-block sid="652182740075478">
            <conditions>
                <condition id="17" name="On tap object" sid="768073047423929" type="Touch">
                    <param id="0" name="Object">btnMusic</param>
                </condition>
            </conditions>
            <actions />
            <sub-events>
                <event-block sid="597684387316214">
                    <conditions>
                        <condition id="-14" name="Compare variable" sid="831907904852846" type="System">
                            <param id="0" name="Variable">Music</param>
                            <param id="1" name="Comparison">0</param>
                            <param id="2" name="Value">&quot;on&quot;</param>
                        </condition>
                    </conditions>
                    <actions>
                        <action id="6" name="Stop" sid="433977058039168" type="Audio">
                            <param id="0" name="Tag">&quot;music&quot;</param>
                        </action>
                        <action id="-16" name="Wait" sid="343492428068062" type="System">
                            <param id="0" name="Seconds">0</param>
                        </action>
                        <action id="-9" name="Set value" sid="530601925062838" type="System">
                            <param id="0" name="Variable">Music</param>
                            <param id="1" name="Value">&quot;off&quot;</param>
                        </action>
                        <action id="5" name="Set frame" sid="655758451862808" type="btnMusic">
                            <param id="0" name="Frame number">1</param>
                        </action>
                    </actions>
                </event-block>
            </sub-events>
        </event-block>
        <event-block sid="589933946710754">
            <conditions>
                <condition id="17" name="On tap object" sid="764897224396639" type="Touch">
                    <param id="0" name="Object">btnMusic</param>
                </condition>
            </conditions>
            <actions />
            <sub-events>
                <event-block sid="288217274541066">
                    <conditions>
                        <condition id="-14" name="Compare variable" sid="431196623343432" type="System">
                            <param id="0" name="Variable">Music</param>
                            <param id="1" name="Comparison">0</param>
                            <param id="2" name="Value">&quot;off&quot;</param>
                        </condition>
                    </conditions>
                    <actions>
                        <action id="0" name="Play" sid="845018986133894" type="Audio">
                            <param id="0" name="Audio file">MattOglseby - 1</param>
                            <param id="2" name="Loop">1</param>
                            <param id="3" name="Volume">-10</param>
                            <param id="1" name="Tag (optional)">&quot;music&quot;</param>
                        </action>
                        <action id="-16" name="Wait" sid="383949448883075" type="System">
                            <param id="0" name="Seconds">0</param>
                        </action>
                        <action id="-9" name="Set value" sid="631644547900367" type="System">
                            <param id="0" name="Variable">Music</param>
                            <param id="1" name="Value">&quot;on&quot;</param>
                        </action>
                        <action id="5" name="Set frame" sid="507849692536229" type="btnMusic">
                            <param id="0" name="Frame number">0</param>
                        </action>
                    </actions>
                </event-block>
            </sub-events>
        </event-block>
        <event-block sid="865875847427680">
            <conditions>
                <condition id="17" name="On tap object" sid="528533526901695" type="Touch">
                    <param id="0" name="Object">btnSound</param>
                </condition>
            </conditions>
            <actions />
            <sub-events>
                <event-block sid="638608927441305">
                    <conditions>
                        <condition id="-14" name="Compare variable" sid="210308384587308" type="System">
                            <param id="0" name="Variable">Sound</param>
                            <param id="1" name="Comparison">0</param>
                            <param id="2" name="Value">&quot;on&quot;</param>
                        </condition>
                    </conditions>
                    <actions>
                        <action id="-16" name="Wait" sid="559832343253232" type="System">
                            <param id="0" name="Seconds">0</param>
                        </action>
                        <action id="-9" name="Set value" sid="102109503488048" type="System">
                            <param id="0" name="Variable">Sound</param>
                            <param id="1" name="Value">&quot;off&quot;</param>
                        </action>
                        <action id="5" name="Set frame" sid="312623922664213" type="btnSound">
                            <param id="0" name="Frame number">1</param>
                        </action>
                    </actions>
                </event-block>
                <event-block sid="914287156574375">
                    <conditions>
                        <condition id="-14" name="Compare variable" sid="103157875970239" type="System">
                            <param id="0" name="Variable">Sound</param>
                            <param id="1" name="Comparison">0</param>
                            <param id="2" name="Value">&quot;off&quot;</param>
                        </condition>
                    </conditions>
                    <actions>
                        <action id="-16" name="Wait" sid="305349433657040" type="System">
                            <param id="0" name="Seconds">0</param>
                        </action>
                        <action id="-9" name="Set value" sid="835004360970290" type="System">
                            <param id="0" name="Variable">Sound</param>
                            <param id="1" name="Value">&quot;on&quot;</param>
                        </action>
                        <action id="5" name="Set frame" sid="594325201161318" type="btnSound">
                            <param id="0" name="Frame number">0</param>
                        </action>
                    </actions>
                </event-block>
            </sub-events>
        </event-block>
        <event-block sid="533450462345121">
            <conditions>
                <condition id="-2" name="On start of layout" sid="183996989448636" type="System" />
            </conditions>
            <actions />
            <sub-events>
                <event-block sid="793311369212591">
                    <conditions>
                        <condition id="-14" name="Compare variable" sid="613556953254666" type="System">
                            <param id="0" name="Variable">Music</param>
                            <param id="1" name="Comparison">0</param>
                            <param id="2" name="Value">&quot;on&quot;</param>
                        </condition>
                    </conditions>
                    <actions>
                        <action id="0" name="Play" sid="491072124783212" type="Audio">
                            <param id="0" name="Audio file">MattOglseby - 1</param>
                            <param id="2" name="Loop">1</param>
                            <param id="3" name="Volume">-10</param>
                            <param id="1" name="Tag (optional)">&quot;music&quot;</param>
                        </action>
                        <action id="5" name="Set frame" sid="460796369122832" type="btnMusic">
                            <param id="0" name="Frame number">0</param>
                        </action>
                    </actions>
                </event-block>
                <event-block sid="315785201776811">
                    <conditions>
                        <condition id="-14" name="Compare variable" sid="131584543785490" type="System">
                            <param id="0" name="Variable">Music</param>
                            <param id="1" name="Comparison">0</param>
                            <param id="2" name="Value">&quot;off&quot;</param>
                        </condition>
                    </conditions>
                    <actions>
                        <action id="5" name="Set frame" sid="335508248195627" type="btnMusic">
                            <param id="0" name="Frame number">1</param>
                        </action>
                    </actions>
                </event-block>
                <event-block sid="628170134771454">
                    <conditions>
                        <condition id="-14" name="Compare variable" sid="925301589024942" type="System">
                            <param id="0" name="Variable">Sound</param>
                            <param id="1" name="Comparison">0</param>
                            <param id="2" name="Value">&quot;off&quot;</param>
                        </condition>
                    </conditions>
                    <actions>
                        <action id="5" name="Set frame" sid="753004094024921" type="btnSound">
                            <param id="0" name="Frame number">1</param>
                        </action>
                    </actions>
                </event-block>
                <event-block sid="653185851992692">
                    <conditions>
                        <condition id="-14" name="Compare variable" sid="395019135789475" type="System">
                            <param id="0" name="Variable">Sound</param>
                            <param id="1" name="Comparison">0</param>
                            <param id="2" name="Value">&quot;on&quot;</param>
                        </condition>
                    </conditions>
                    <actions>
                        <action id="5" name="Set frame" sid="529176623095648" type="btnSound">
                            <param id="0" name="Frame number">0</param>
                        </action>
                    </actions>
                </event-block>
            </sub-events>
        </event-block>
        <event-block sid="653877787984470">
            <conditions>
                <condition id="17" name="On tap object" sid="945909077692206" type="Touch">
                    <param id="0" name="Object">Button</param>
                </condition>
            </conditions>
            <actions />
            <sub-events>
                <event-block sid="482307578430591">
                    <conditions>
                        <condition id="-14" name="Compare variable" sid="238475960831643" type="System">
                            <param id="0" name="Variable">Sound</param>
                            <param id="1" name="Comparison">0</param>
                            <param id="2" name="Value">&quot;on&quot;</param>
                        </condition>
                    </conditions>
                    <actions>
                        <action id="0" name="Play" sid="668630414310050" type="Audio">
                            <param id="0" name="Audio file">click</param>
                            <param id="2" name="Loop">0</param>
                            <param id="3" name="Volume">0</param>
                            <param id="1" name="Tag (optional)">&quot;&quot;</param>
                        </action>
                    </actions>
                </event-block>
            </sub-events>
        </event-block>
    </events>
</c2eventsheet>
